,Email Address,usn,Name,Mail Status
0,architlatkar@gmail.com,1ms18cs027,archit latkar,SEND
1,abhinav2scientist@gmail.com,1ms18is006,Abhinav Koul,SEND
2,adityajpd@gmail.com,1msec098,Aditya,SEND
3,nischithraj.24g@gmail.com,1MS19EC075,Nischith,SEND
4,adityabala@live.com,1MS19ME012,Aditya Balasubramaniam,SEND
5,manoj1000manoj@gmail.com,1MS19EC064,Manoj,SEND
6,koppisetti.saitarun@gmail.com,1MS18TE046,K Sai Tarun,SEND
7,vridhi.vk@gmail.com,1ms19cs143,Vridhi ,SEND
